{"IcoMoonType":"selection","icons":[{"icon":{"paths":["M1024 306.768l-101.277-101.277 19.314-19.314c28.756-28.756 28.756-75.374 0-104.13s-75.376-28.756-104.13 0l-19.314 19.314-101.272-101.279-104.299 104.303-91.366-91.371-104.297 104.299 192.641 192.645-300.133 300.127-192.641-192.636-104.295 104.295 91.366 91.364-104.297 104.297 101.272 101.272-19.314 19.318c-28.756 28.756-28.756 75.376 0 104.13s75.376 28.756 104.132 0l19.314-19.312 101.108 101.103 104.418-104.178 91.414 91.418 104.134-104.13-192.643-192.647 300.294-300.296 192.643 192.647 104.297-104.299-91.366-91.368 104.297-104.297z"],"attrs":[{}],"isMulticolor":false,"isMulticolor2":false,"grid":0,"tags":["dumbbell-weight-svgrepo-com"]},"attrs":[{}],"properties":{"order":2,"id":0,"name":"dumbbell-weight-svgrepo-com","prevSize":32,"code":59648},"setIdx":0,"setId":2,"iconIdx":0}],"height":1024,"metadata":{"name":"icomoon"},"preferences":{"showGlyphs":true,"showQuickUse":true,"showQuickUse2":true,"showSVGs":true,"fontPref":{"prefix":"icon-","metadata":{"fontFamily":"icomoon"},"metrics":{"emSize":1024,"baseline":6.25,"whitespace":50},"embed":false},"imagePref":{"prefix":"icon-","png":true,"useClassSelector":true,"color":0,"bgColor":16777215,"classSelector":".icon"},"historySize":50,"showCodes":true,"gridSize":16}}